日期,时间,订单号,结果,请求参数,响应参数,耗时秒,traceId
2026-09-16,16:44:46.057,695471899377235,失败,"{""hosId"":""107256"",""orderCode"":""695471899377235""}","{""resultCode"":""2002"",""resultMsg"":""订单取消失败，请联系管理人员""}",1.572,9b60e0493b7d4e709fb403dbfd08222e
2026-09-16,09:13:01.035,694440905122479,成功,"{""hosId"":""107256"",""orderCode"":""694440905122479""}","{""content"":{""refundFlag"":true},""resultCode"":""0"",""resultMsg"":""退款成功""}",31.68,6bd3fa2684d845ca88b92e37af501b50
2026-09-16,09:13:24.444,694440905122479,成功,"{""hosId"":""107256"",""orderCode"":""694440905122479""}","{""content"":{""refundFlag"":true},""resultCode"":""0"",""resultMsg"":""退款成功""}",3.238,0c2f3ccfc6944835b153412a015943dc
2026-09-16,14:47:47.294,695411697785615,成功,"{""hosId"":""107256"",""orderCode"":""695411697785615""}","{""content"":{""refundFlag"":true},""resultCode"":""0"",""resultMsg"":""退款成功""}",0.482,e8d5a38222f2423facd3a08cb809b478
2026-09-17,08:34:58.878,696052679169815,成功,"{""hosId"":""107256"",""orderCode"":""696052679169815""}","{""content"":{""refundFlag"":true},""resultCode"":""0"",""resultMsg"":""退款成功""}",0.561,280c9ae3e4ff473ca20ebf11fb23668a
2026-09-17,11:37:50.705,696159580373211,成功,"{""hosId"":""107256"",""orderCode"":""696159580373211""}","{""content"":{""refundFlag"":true},""resultCode"":""0"",""resultMsg"":""退款成功""}",32.459,937dcccdbb384baf82cb681ea73c076d
2026-09-17,11:38:13.323,696159580373211,成功,"{""hosId"":""107256"",""orderCode"":""696159580373211""}","{""content"":{""refundFlag"":true},""resultCode"":""0"",""resultMsg"":""退款成功""}",3.184,0b2006bc788448b0afc0a2d178f45d76
2026-09-20,16:09:43.052,697777660472586,失败,"{""hosId"":""107256"",""orderCode"":""697777660472586""}","{""resultCode"":""2002"",""resultMsg"":""订单取消失败，请联系管理人员""}",31.588,91571c7ed5644bfdac1f7a2b4a955ddb
2026-09-20,16:10:06.655,697777660472586,失败,"{""hosId"":""107256"",""orderCode"":""697777660472586""}","{""resultCode"":""2002"",""resultMsg"":""订单取消失败，请联系管理人员""}",0.699,c9d05ed2e27b4fb9ae2c47f0a0b36f43
2026-09-23,09:06:20.007,601252843387187,成功,"{""hosId"":""107256"",""orderCode"":""601252843387187""}","{""content"":{""refundFlag"":true},""resultCode"":""0"",""resultMsg"":""退款成功""}",3.762,c24dde5e9d684674bb37f77e6061a7b5
2026-09-23,16:21:51.620,601516437595270,成功,"{""hosId"":""107256"",""orderCode"":""601516437595270""}","{""content"":{""refundFlag"":true},""resultCode"":""0"",""resultMsg"":""退款成功""}",0.476,552f15eb9e6f4fc895a030985d2bf242
2026-09-24,14:43:44.735,602321277338047,成功,"{""hosId"":""107256"",""orderCode"":""602321277338047""}","{""content"":{""refundFlag"":true},""resultCode"":""0"",""resultMsg"":""退款成功""}",0.472,ac2c759a173a4d56a076d3b6b29deea7
2026-09-28,09:48:47.212,605592711899062,失败,"{""hosId"":""107256"",""orderCode"":""605592711899062""}","{""resultCode"":""2002"",""resultMsg"":""订单取消失败，请联系管理人员""}",1.57,af0ac3f9807f4ab0a307ce80f6ac171c
2026-09-28,09:09:16.695,605572828536580,成功,"{""hosId"":""107256"",""orderCode"":""605572828536580""}","{""content"":{""refundFlag"":true},""resultCode"":""0"",""resultMsg"":""退款成功""}",32.515,20018c8b3a73442bbbc5ef19ba2e0d65
2026-09-28,09:09:38.685,605572828536580,成功,"{""hosId"":""107256"",""orderCode"":""605572828536580""}","{""content"":{""refundFlag"":true},""resultCode"":""0"",""resultMsg"":""退款成功""}",2.586,68561e13db2a452790d2f782927c0c04
2026-09-28,10:19:17.817,605617640488626,成功,"{""hosId"":""107256"",""orderCode"":""605617640488626""}","{""content"":{""refundFlag"":true},""resultCode"":""0"",""resultMsg"":""退款成功""}",0.472,b666787ceb984460be4efae01e8e8b13
2026-09-28,15:31:30.868,605672020429758,成功,"{""hosId"":""107256"",""orderCode"":""605672020429758""}","{""content"":{""refundFlag"":true},""resultCode"":""0"",""resultMsg"":""退款成功""}",3.285,c3493e2d50e04f159445662b98496506
2026-09-29,13:05:53.231,606561825291241,成功,"{""hosId"":""107256"",""orderCode"":""606561825291241""}","{""content"":{""refundFlag"":true},""resultCode"":""0"",""resultMsg"":""退款成功""}",3.773,e8b2680a445f43f2ab08ba5a8a4951d3
2026-09-29,13:57:11.342,606606249694544,成功,"{""hosId"":""107256"",""orderCode"":""606606249694544""}","{""content"":{""refundFlag"":true},""resultCode"":""0"",""resultMsg"":""退款成功""}",3.177,b6fd2e3c27c1484cb3d1af6abe60a182
